,id,age,generi_preferiti
0,0,28,"['Young Adult', 'Novels']"
1,1,40,"['Paranormal', 'Adult']"
2,2,25,"['Vampires', 'Adult Fiction']"
3,3,30,"['Vampires', 'Crime']"
4,4,80,"['British Literature', 'Teen']"
5,5,57,"['Realistic Fiction', 'New Adult']"
6,6,46,"['Nonfiction', 'Adventure']"
7,7,65,"['Urban Fantasy', 'Literary Fiction']"
8,8,47,"['Young Adult', 'Thriller']"
9,9,82,"['American', 'Horror']"
10,10,17,"['Novels', 'British Literature']"
11,11,14,"['Supernatural', 'Mystery']"
12,12,30,"['Nonfiction', 'Historical Fiction']"
13,13,90,"['Adult', 'Young Adult']"
14,14,53,"['Science Fiction', 'Realistic Fiction']"
15,15,37,"['Teen', 'Contemporary']"
16,16,67,"['Audiobook', 'Drama']"
17,17,76,"['Literature', 'Adventure']"
18,18,49,"['Suspense', 'Novels']"
19,19,19,"['Childrens', 'Paranormal']"
20,20,74,"['Horror', 'Religion']"
21,21,46,"['Paranormal', 'Christian']"
22,22,86,"['Literature', 'Fiction']"
23,23,73,"['Mystery', 'Middle Grade']"
24,24,22,"['Audiobook', 'Suspense']"
25,25,48,"['Mystery Thriller', 'Vampires']"
26,26,51,"['War', 'Biography']"
27,27,62,"['Fantasy', 'Paranormal Romance']"
28,28,84,"['Mystery', 'Humor']"
29,29,16,"['Contemporary', 'Drama']"
30,30,45,"['Paranormal', 'Young Adult']"
31,31,20,"['Middle Grade', 'Suspense']"
32,32,73,"['Middle Grade', 'War']"
33,33,87,"['Urban Fantasy', 'Audiobook']"
34,34,38,"['Science Fiction Fantasy', 'Childrens']"
35,35,71,"['Classics', 'Chick Lit']"
36,36,49,"['Literary Fiction', 'Short Stories']"
37,37,28,"['British Literature', 'Mystery']"
38,38,41,"['Literary Fiction', 'Historical']"
39,39,75,"['Horror', 'Paranormal']"
40,40,40,"['Chick Lit', 'Humor']"
41,41,51,"['Suspense', 'New Adult']"
42,42,85,"['Science Fiction Fantasy', 'Fantasy']"
43,43,49,"['Christian', 'Vampires']"
44,44,38,"['American', 'Fiction']"
45,45,61,"['Chick Lit', 'Mystery']"
46,46,56,"['Science Fiction', 'Romance']"
47,47,19,"['Biography', 'Romance']"
48,48,70,"['Religion', 'Science Fiction Fantasy']"
49,49,27,"['Religion', 'Historical Fiction']"
50,50,34,"['Nonfiction', 'British Literature']"
51,51,48,"['Contemporary Romance', 'Classics']"
52,52,83,"['Erotica', 'Paranormal']"
53,53,80,"['Adventure', 'Young Adult']"
54,54,66,"['Vampires', 'Science Fiction Fantasy']"
55,55,25,"['British Literature', 'Novels']"
56,56,56,"['Supernatural', 'Childrens']"
57,57,46,"['Literary Fiction', 'Suspense']"
58,58,80,"['Urban Fantasy', 'Biography']"
59,59,78,"['Religion', 'Drama']"
60,60,81,"['Novels', 'Historical Fiction']"
61,61,53,"['Philosophy', 'Audiobook']"
62,62,36,"['Chick Lit', 'Contemporary Romance']"
63,63,67,"['Crime', 'Adult']"
64,64,69,"['Magic', 'Erotica']"
65,65,41,"['Science Fiction Fantasy', 'Paranormal']"
66,66,42,"['Historical', 'Erotica']"
67,67,89,"['History', 'Classics']"
68,68,21,"['British Literature', 'Memoir']"
69,69,85,"['Science Fiction Fantasy', 'Biography']"
70,70,51,"['Erotica', 'Religion']"
71,71,73,"['Mystery Thriller', 'Literature']"
72,72,33,"['Adult', 'Literature']"
73,73,59,"['Fiction', 'Mystery']"
74,74,38,"['Realistic Fiction', 'Urban Fantasy']"
75,75,68,"['War', 'Young Adult']"
76,76,45,"['Novels', 'Literature']"
77,77,57,"['Adult Fiction', 'Erotica']"
78,78,46,"['Historical Fiction', 'Biography']"
79,79,79,"['Crime', 'Science Fiction Fantasy']"
80,80,42,"['Adult', 'Novels']"
81,81,55,"['Erotica', 'Middle Grade']"
82,82,65,"['American', 'Realistic Fiction']"
83,83,54,"['Humor', 'Contemporary Romance']"
84,84,36,"['Nonfiction', 'American']"
85,85,56,"['Crime', 'Mystery Thriller']"
86,86,50,"['Vampires', 'Religion']"
87,87,74,"['Christian', 'Classics']"
88,88,41,"['Literature', 'Teen']"
89,89,82,"['Literary Fiction', 'Philosophy']"
90,90,34,"['Literary Fiction', 'Childrens']"
91,91,27,"['Magic', 'Religion']"
92,92,25,"['Memoir', 'Adult Fiction']"
93,93,67,"['Classics', 'Urban Fantasy']"
94,94,64,"['Christian', 'History']"
95,95,31,"['Short Stories', 'British Literature']"
96,96,59,"['Memoir', 'Horror']"
97,97,80,"['Literature', 'Adventure']"
98,98,88,"['Short Stories', 'Suspense']"
99,99,56,"['Adult', 'War']"
